City Name,latitude,longitude,Temperature,Humidity,Cloudiness,WindSpeed
gamba,-5.628282670557829,6.321472242216187,24.242,72.0,20.0,1.87
mahebourg,-31.15470959436704,69.4625219346167,80.6,83.0,75.0,4.6
chokurdakh,76.79303549786293,147.88855386933795,-22.683999999999997,34.0,8.0,3.67
kupang,-9.737834235655448,123.56587234667151,83.66,96.0,56.0,3.12
punta arenas,-85.90836937080532,-101.55911675361614,48.2,70.0,0.0,11.8
mataura,-25.248967749480244,-144.80824912020563,61.88,80.0,88.0,4.12
beyneu,44.3265009369922,55.43543885539758,35.33,88.0,64.0,6.37
rocha,-38.08342178859423,-51.56150090060164,61.7,93.0,0.0,1.22
jamestown,-43.230573510411574,-12.338817458329183,67.1,63.0,0.0,5.67
saskylakh,71.9901241689953,114.40787862215291,-15.484000000000002,69.0,24.0,1.77
hithadhoo,-14.47511418121768,83.0895033426483,83.75,100.0,44.0,2.52
grafton,48.414366399520254,-97.53535158953243,69.566,100.0,92.0,1.22
deniliquin,-35.606428446428204,144.96703950992813,73.75999999999999,56.0,0.0,6.42
norman wells,68.98663350155715,-120.64044456721186,8.599999999999998,78.0,90.0,3.6
lebu,-29.078424675388504,-92.31789085286006,53.6,93.0,40.0,1.0
bredasdorp,-80.32093075799519,15.124887154327718,69.80000000000001,83.0,76.0,1.5
severo-kurilsk,38.84500008565747,161.3276732211689,28.616,100.0,56.0,13.52
kavieng,8.490432467916673,155.91980313010777,84.92,100.0,64.0,3.27
ngunguru,-34.82982619103743,175.12551283451316,71.87,99.0,24.0,0.87
kavaratti,13.409122653804149,68.25697930871328,83.93,100.0,0.0,5.07
spornoye,63.471194673989075,151.2836619216492,8.599999999999998,92.0,40.0,5.0
hermanus,-86.25984515980912,-8.800265831654048,62.06,90.0,20.0,1.97
broome,-17.96643970844982,125.1119323860373,38.876,100.0,0.0,3.6
avarua,-51.393002597419695,-163.3767559447936,84.2,70.0,20.0,4.1
grand gaube,-11.559138701107075,63.03140063725764,80.6,83.0,75.0,4.6
castro,-45.840866421407064,-86.74824887333774,43.376000000000005,97.0,0.0,1.17
damghan,35.3571553855877,54.551438235962806,51.71,90.0,0.0,1.42
mitsamiouli,-6.169951231307928,46.399341455260384,77.0,94.0,90.0,6.7
ancud,-40.41359642313937,-76.0229462556414,43.61,83.0,0.0,1.22
vaini,-24.274300708484013,-176.49054193869077,89.99600000000001,32.0,0.0,1.52
batagay,67.14223500542168,136.071535872119,-12.424,58.0,64.0,1.92
tasiilaq,56.563118228938116,-34.38468677056503,17.6,67.0,80.0,10.3
busselton,-56.3924564800452,96.50458438306477,81.59,68.0,0.0,2.92
ilulissat,70.64785840583896,-49.013432947068566,8.599999999999998,78.0,68.0,3.1
salalah,18.222921296774448,51.94926570872651,71.6,40.0,0.0,2.1
puerto escondido,10.390665994767646,-98.7338563435446,80.54599999999999,99.0,0.0,4.52
dali,25.624889633878954,99.12641403480274,67.46000000000001,41.0,0.0,2.07
ribeira grande,36.226427572576775,-29.062047379702783,54.266,100.0,92.0,1.87
carnarvon,-27.197703657387965,92.30595794700565,61.25,45.0,0.0,1.42
kodiak,48.49004578736281,-150.9409562408474,55.400000000000006,66.0,90.0,8.2
rikitea,-25.28825732247133,-116.5138952808717,79.646,100.0,44.0,4.52
tuktoyaktuk,70.19222629157049,-128.2803167899818,14.0,85.0,90.0,7.7
dikson,83.75393334882531,81.80211596072762,-5.7280000000000015,100.0,68.0,2.52
barrow,82.17109871801325,-169.28954757724316,65.696,97.0,92.0,6.57
pochutla,13.976302937362044,-96.96237353132175,77.0,100.0,40.0,3.92
esperance,-47.27431160300237,127.5405998487516,77.0,94.0,20.0,2.32
gat,24.52368186611994,9.204404354982554,73.4,69.0,0.0,2.1
georgetown,-7.817323540650111,-7.050477651416365,73.4,100.0,40.0,2.37
butaritari,24.69188105763902,166.31516965230995,82.75999999999999,100.0,80.0,5.72
puerto baquerizo moreno,1.1474100733273784,-89.053906784917,78.98,100.0,20.0,2.62
faanui,-10.08384858733714,-150.86934006469778,82.94,96.0,44.0,6.82
albany,-54.86813078916322,113.85900303664818,29.264,66.0,90.0,4.1
san cristobal,-10.56437308343226,-91.65092730261105,51.8,100.0,75.0,0.5
eureka,41.00184688004115,-128.83878494427927,43.7,87.0,1.0,2.1
aksu,37.61657774958021,81.6727191421597,12.2,85.0,40.0,2.0
ushuaia,-84.14294805453592,-61.47763303923654,46.4,70.0,20.0,10.3
bethel,47.59930185274801,-166.90796111481535,30.2,100.0,90.0,10.8
east london,-48.81388922521277,36.83573000226435,68.0,82.0,75.0,2.6
nanortalik,55.0840766357502,-44.40971205382029,24.512,100.0,64.0,0.77
svetlogorsk,66.20492908231273,92.68189257787081,10.399999999999999,72.0,90.0,5.0
hobart,-63.7768242530205,151.17868869046802,62.6,55.0,75.0,4.1
hilo,24.266203666928757,-149.01355563901066,75.2,69.0,90.0,2.1
limbang,4.346954867456317,115.85529992734753,87.584,59.0,75.0,2.6
lubango,-16.418858581640414,13.68332646952935,60.926,90.0,100.0,1.17
pevek,79.80751798676421,169.41320853295258,-14.278000000000006,65.0,0.0,1.42
tilichiki,59.65675886347026,172.0961229069199,27.176,89.0,88.0,1.32
osoyoos,49.00742854690878,-119.27202501889103,30.2,80.0,90.0,0.67
tiksi,86.5155986108243,128.59243737032247,-14.854000000000006,66.0,76.0,3.97
bluff,-82.72431688457613,151.55067607661908,92.57,36.0,36.0,4.77
cookeville,35.86442066153156,-85.46031184340646,41.99,52.0,1.0,2.82
hasaki,34.77800190821504,144.04686909920082,64.904,82.0,75.0,7.7
khatanga,71.2320262498909,96.10964440799917,-12.747999999999998,81.0,48.0,5.02
clyde river,73.61006619840758,-65.50099699454267,-9.399999999999999,83.0,90.0,1.0
nouadhibou,23.70074655751589,-21.69232198092013,62.6,82.0,0.0,5.7
kaseda,31.26840639304539,130.3251509444243,66.2,93.0,75.0,7.7
taybad,33.801360824614946,60.25433425353349,56.965999999999994,91.0,0.0,2.07
te anau,-40.06086936531962,165.24759862099023,61.97,70.0,36.0,2.22
roald,69.0907850947596,3.044994793071843,25.358,68.0,56.0,6.7
talcahuano,-33.114767062480595,-79.66782762241135,55.400000000000006,76.0,0.0,3.1
pocatello,42.78857024686908,-112.34594700155596,26.6,68.0,20.0,8.2
atuona,1.69578631661413,-130.39330214275492,81.266,100.0,44.0,6.22
namatanai,2.9935684313807918,158.2721092369398,85.19,94.0,44.0,4.82
arraial do cabo,-48.52056629161274,-22.83364386040848,76.19,100.0,56.0,1.42
whitehorse,62.50984524902395,-130.93570376403125,14.0,61.0,75.0,2.6
mar del plata,-56.602340156395854,-41.727698732881855,56.03,63.0,24.0,6.82
jining,42.113978046830965,113.53892439180306,48.146,56.0,36.0,4.77
carauari,-5.559134912487242,-67.07087149252185,74.96600000000001,97.0,32.0,1.07
saint-georges,5.151125681399499,-48.487009305920154,28.562,75.0,92.0,2.87
qaanaaq,82.86025417049751,-72.92342187061749,-1.1739999999999995,79.0,44.0,2.42
pokaran,27.427751917786125,71.44488168949059,81.86,40.0,0.0,2.12
samarai,-14.223314103386723,151.39714520992771,82.94,100.0,56.0,6.92
puerto ayora,-22.961879257330068,-99.53444304049194,76.676,100.0,0.0,2.17
sinnamary,18.535817531382936,-44.78796508741834,77.9,100.0,88.0,3.17
lixourion,37.8338416047988,20.07571999108707,59.215999999999994,97.0,92.0,8.42
kapaa,14.498088398003038,-170.11340368394823,73.4,78.0,75.0,6.2
hirara,23.037752171058354,126.72615440702123,79.68199999999999,78.0,75.0,9.3
port alfred,-86.67162709272527,55.940322739921626,66.596,99.0,44.0,2.92
karratha,-19.75603442525335,114.83767550310674,103.37,28.0,0.0,3.22
yulara,-24.783824498258785,130.45377985245267,93.2,20.0,0.0,4.6
san luis,4.051145331732771,-75.14752522573501,69.62,42.0,0.0,7.02
pinos,22.427238499734646,-101.60059736204134,64.4,36.0,5.0,1.62
erzin,47.20153375634957,95.44414352442492,49.117999999999995,100.0,75.0,0.5
shache,38.53560869710484,76.88460758247041,54.41,42.0,8.0,2.07
brae,66.00224217063992,0.6350649801137519,34.808,86.0,80.0,8.7
saint-philippe,-55.148203676568436,66.07604646089543,31.532,88.0,90.0,4.1
sidrolandia,-21.196437549222157,-55.157247435147134,77.0,78.0,75.0,4.1
longyearbyen,84.80843318150123,26.406783375581135,14.0,61.0,20.0,6.2
talnakh,75.81380438476147,92.95549920641031,-9.957999999999998,69.0,36.0,2.32
husavik,75.08583224286238,-10.178211812309403,33.44,92.0,92.0,9.47
pochinki,54.56598797136118,44.802517257138426,12.596,88.0,80.0,3.47
chase,52.16901914042703,-119.82691232406671,33.476,52.0,90.0,3.1
leh,36.051138827277626,78.00430540705752,1.8319999999999972,88.0,44.0,0.62
kirkenaer,60.77089034484417,13.009278738786207,11.876000000000001,84.0,76.0,1.07
new norfolk,-73.24490011416312,127.18851506647974,62.6,55.0,75.0,4.1
vao,-30.205817349836423,165.75716529454547,10.921999999999997,91.0,64.0,1.97
chiredzi,-21.263099357663414,31.164415637895292,70.826,100.0,92.0,1.77
caravelas,-20.29223470452183,-27.164288361038206,81.05000000000001,100.0,32.0,10.07
san quintin,27.119387081664673,-122.57459583023942,87.80000000000001,70.0,20.0,4.1
muroto,27.399849626323366,136.25402714572687,66.2,88.0,75.0,1.0
thompson,67.86404430192842,-93.40888625102215,5.0,77.0,5.0,3.6
methven,-43.199708155363155,171.61714554244475,61.790000000000006,100.0,92.0,1.97
sao filipe,8.614085299858763,-27.231269364224097,69.98,99.0,0.0,7.77
cherskiy,70.44522009834098,160.20192075651394,-13.288000000000004,62.0,8.0,0.42
saint-augustin,51.916792445960844,-57.384900252344295,47.408,81.0,0.0,4.6
cape town,-54.552563537379605,-8.918863732537863,69.80000000000001,68.0,0.0,8.7
kysyl-syr,63.5969673736651,124.11224679332858,-8.698,65.0,64.0,1.92
sangar,64.00877444998929,128.28277739652472,-13.504000000000005,61.0,56.0,1.52
vostok,48.3006062785926,146.97232735082267,11.642,54.0,56.0,2.32
yellowknife,82.337961249192,-112.04919145329994,8.599999999999998,78.0,20.0,2.6
berlevag,74.4523077642044,29.726782259933422,24.8,92.0,90.0,2.6
guaruja,-25.5979595574684,-45.65103976306214,69.62,83.0,40.0,0.5
massaranduba,-7.13568418161219,-35.77117209805037,71.24000000000001,96.0,88.0,1.67
nikolskoye,56.409401324132126,164.79204501207687,3.1999999999999993,84.0,0.0,1.0
airai,16.87958750536955,147.01001889091333,77.27,84.0,88.0,0.87
roma,-28.097027835161104,145.73623024122782,48.794,93.0,40.0,5.1
devarkonda,17.00167627463212,78.84517811770426,96.89,24.0,0.0,4.02
cabo san lucas,16.007769403027346,-114.61600743694062,69.476,100.0,0.0,2.32
saldanha,-39.26120515994601,-4.114819132222009,42.566,97.0,92.0,5.62
kruisfontein,-74.11788139445098,28.20853349030692,65.57,92.0,68.0,2.42
formosa,-15.382591528730687,-47.449590407364276,71.6,100.0,0.0,1.5
havelock,33.438720336593,-74.01255392627436,36.230000000000004,74.0,1.0,2.1
vila velha,-27.507499889633188,-22.731265733572776,80.6,83.0,20.0,3.1
altay,47.53446191072238,88.28325548961406,18.572,86.0,80.0,1.37
los llanos de aridane,29.370006131727465,-21.83679583772196,64.4,72.0,0.0,4.57
klaksvik,74.58553021986472,-2.348135116006996,32.0,100.0,80.0,5.1
hofn,64.65926307286973,-10.993555934758078,32.54,100.0,44.0,14.22
novoagansk,62.05505026925433,76.38853602372212,15.602,75.0,68.0,3.42
hearst,51.079351817860704,-84.86664496274172,-3.1540000000000035,76.0,20.0,1.37
puerto madero,13.380055144004693,-94.04877867183039,79.376,65.0,0.0,3.1
victoria,-5.55683680464486,53.8607005835235,88.016,79.0,75.0,2.6
port lincoln,-41.5108113754939,130.02244609502543,67.73,82.0,0.0,7.02
sohbatpur,28.729788779055124,68.83940508104695,78.17,51.0,0.0,1.52
namibe,-14.190140168095942,7.598036381757904,72.23,100.0,76.0,1.97
lagoa,43.038913351168894,-27.43196421076664,57.2,87.0,40.0,7.7
sivaki,51.38568149839469,125.94760876033538,7.7719999999999985,37.0,8.0,3.97
kaohsiung,21.0858172262916,118.54981791794336,85.838,58.0,75.0,5.1
pemba,-13.217393708176079,41.69545724854008,80.24000000000001,100.0,80.0,4.17
scarborough,55.990331823568695,0.7450379116704342,37.4,100.0,88.0,1.0
livingstone,-17.761861455950736,25.812024159844924,66.83000000000001,100.0,92.0,1.77
alta floresta,-9.336467780021357,-54.11981528066406,76.226,95.0,20.0,1.12
sistranda,68.59237245143349,6.4983830260437845,15.8,85.0,0.0,3.6
kaitangata,-83.50505513056936,178.25824196964695,60.566,100.0,88.0,1.37
san patricio,-0.9201215966722852,-115.53937195430252,69.08000000000001,94.0,0.0,0.97
shelburne,38.321734534248414,-64.34300085496317,24.8,45.0,1.0,4.6
pacific grove,30.88726055461007,-132.1344685012543,45.986,81.0,1.0,2.1
ambilobe,-7.956910273326139,50.20596316416872,74.48,99.0,92.0,4.67
iqaluit,59.840038414812774,-67.61939953262973,-5.800000000000004,83.0,40.0,10.3
pamanukan,-5.289388194059008,108.00100765288919,82.166,100.0,8.0,4.32
medford,41.94103370196755,-123.12050313651618,35.042,96.0,40.0,1.5
pervomayskoye,53.9243929375261,84.00070067355794,9.392,77.0,8.0,3.12
flinders,-35.93643050988494,131.6043091248818,66.2,100.0,90.0,5.1
komsomolskiy,78.26821552142059,174.478847983908,-5.908000000000001,70.0,48.0,1.32
kemi,65.56576638200808,24.608621951576303,-2.200000000000003,84.0,0.0,2.6
mount gambier,-38.05758546193432,140.27958092541957,67.73,51.0,0.0,3.12
itarema,6.818771602919067,-36.64916102052684,77.27,94.0,76.0,2.32
margate,-36.51226870897329,37.76224852074524,62.6,55.0,75.0,4.1
ordzhonikidze,44.89347839588241,35.513181767380495,27.302,100.0,8.0,6.97
ilhabela,-24.407223005954112,-44.92487087084133,78.35,100.0,80.0,2.22
tessalit,24.350911089518306,2.3018214052895054,59.666,41.0,0.0,2.07
jiayuguan,41.410886191518365,98.94713355837304,37.76,79.0,12.0,1.47
upernavik,75.31566276760373,-51.31972946583734,2.4619999999999997,100.0,32.0,1.42
bandarbeyla,7.2928778969701025,57.244785966972685,78.62,100.0,48.0,6.52
nhulunbuy,-9.856800959179518,136.68239924317936,87.80000000000001,70.0,75.0,7.2
bathsheba,13.33835839717137,-59.294650092364684,78.80000000000001,88.0,20.0,4.1
dingle,47.49638567779122,-18.480557343805625,89.42,52.0,0.0,5.57
key largo,25.068353138955445,-80.30139308510249,64.4,63.0,20.0,6.2
hobyo,5.566868119928107,50.93195494416571,81.266,74.0,12.0,7.17
the valley,22.555959110517037,-62.344723997008735,75.2,69.0,40.0,5.7
sibiti,-3.5145953202181355,14.008507020456396,71.42,94.0,88.0,1.62
beloha,-31.999558731525447,41.38298907074313,79.97,77.0,68.0,7.92
naze,23.595755248249308,137.95140701049056,73.49000000000001,90.0,0.0,3.67
koumac,-22.865525837678366,161.17648160484612,76.766,100.0,88.0,2.17
provideniya,53.04477717608608,-173.86516711133885,32.0,91.0,90.0,7.0
yala,0.18861755432247396,34.62612544054443,85.208,62.0,40.0,3.1
narsaq,78.67941601075971,-63.15885432586849,23.0,67.0,44.0,5.7
fuling,30.256864914271716,107.00802823901017,54.05,100.0,92.0,1.27
black diamond,50.34734382301052,-114.9782738682692,-1.2280000000000015,83.0,1.0,1.0
cidreira,-32.44401567484812,-49.13163823043255,72.59,91.0,92.0,3.47
leningradskiy,89.34264222895888,179.80175110051198,3.415999999999997,93.0,88.0,2.87
kushima,26.866331468232794,135.79759322417283,69.224,93.0,75.0,7.7
sao jose da coroa grande,-11.432893758592328,-28.81327638761089,76.1,99.0,100.0,2.37
teknaf,20.303350782131073,91.53377991841613,90.716,48.0,0.0,1.52
porto novo,15.866495302063655,-28.257218611859738,73.4,94.0,40.0,1.0
ponta do sol,31.40272963222794,-20.506046495780694,66.77600000000001,97.0,64.0,1.32
lencois paulista,-22.784393428496596,-48.772152284981644,67.64,95.0,0.0,2.67
mombetsu,44.85420958907439,143.25811522000137,26.6,79.0,75.0,2.1
irece,-10.966355949421718,-41.575413394122805,74.066,63.0,88.0,1.72
asheboro,35.50237077157289,-79.61343959541543,38.048,59.0,1.0,3.67
derzhavinsk,50.31518316195025,66.9584650777112,18.662,96.0,76.0,3.47
touros,4.340442182569555,-31.070628795384167,78.476,94.0,92.0,3.62
grindavik,58.71060890684755,-26.08591990474977,26.6,73.0,75.0,7.2
oranjestad,14.613816304966821,-69.94080911674159,78.80000000000001,74.0,20.0,2.1
arambagh,23.051666881038976,87.76731074445917,93.47,55.0,24.0,2.07
general roca,-40.559436181710396,-66.49959938855955,60.8,67.0,0.0,1.5
burgersdorp,-31.219144664710214,25.66341077641252,56.21,96.0,88.0,1.67
srednekolymsk,69.41719450250406,152.72179963134505,-11.073999999999998,55.0,88.0,1.52
ponta delgada,27.97725603013292,-28.682753774961803,57.2,62.0,20.0,5.1
nizhnevartovsk,59.999429146538574,76.472315410543,10.399999999999999,92.0,90.0,5.0
russell,-26.74246898041219,178.5373410876111,73.4,53.0,40.0,6.7
aksarka,66.26679453516756,69.25682046430246,4.981999999999999,85.0,68.0,2.42
kempele,64.35873904676102,25.440417584223606,-9.399999999999999,83.0,0.0,1.5
cururupu,1.2688282967735298,-42.945385676557756,79.16,85.0,76.0,2.37
port elizabeth,-89.35269196083833,39.21550483175059,33.8,40.0,1.0,8.7
moerai,-21.289125363705658,-151.52327765274134,79.916,100.0,0.0,6.37
lavrentiya,70.96354807162415,-167.2974091077422,29.282,92.0,44.0,6.82
linhares,-20.446898265618543,-36.470071118442895,78.08000000000001,77.0,80.0,4.32
lakhimpur,27.164884898339707,93.87497671227337,64.4,93.0,75.0,2.6
sebezh,56.433631431391674,28.408759030720784,-0.1839999999999975,54.0,44.0,1.32
paamiut,58.531008247155675,-51.80456156347,25.592,100.0,12.0,8.97
griffith,-34.20345374135659,145.01859552011905,75.326,53.0,0.0,5.42
noumea,-28.28631982916193,163.84634823358513,86.0,55.0,0.0,6.7
mitu,1.4297024202911888,-68.56472131388018,50.81,62.0,0.0,3.57
susurluk,39.67789348754842,28.383795792662163,44.6,93.0,75.0,2.6
saint-denis,-17.59375614746154,54.490614639432906,40.748000000000005,100.0,90.0,3.1
kalikapur,22.662873591535654,86.21158233974667,87.89,59.0,0.0,2.97
gazanjyk,38.63596109762712,55.14330070293283,63.95,75.0,0.0,2.92
esmeraldas,1.258148230617281,-80.17984902466812,69.80000000000001,88.0,0.0,0.5
kabompo,-12.645525529059807,24.00754578712691,67.226,90.0,68.0,3.37
peniche,40.06407163907967,-10.788743770225253,52.718,87.0,75.0,3.6
vila franca do campo,31.947492481021474,-24.34076318166872,57.2,62.0,20.0,5.1
winnemucca,41.407090022207754,-118.41560685541239,30.2,63.0,1.0,5.1
odienne,9.164928274064067,-7.746795216016525,76.82,59.0,0.0,4.17
hanzhong,33.645386623408456,106.39358967337593,41.576,100.0,92.0,1.52
sioux lookout,53.20750690603201,-89.6247928435735,28.706,58.0,40.0,3.6
rawson,-49.81839800361756,-59.95276572551965,51.8,45.0,0.0,4.47
cao bang,22.883639694985792,105.78205844916911,83.12,61.0,0.0,2.27
sao joao da barra,-27.602780753323845,-30.087983384573384,76.04599999999999,100.0,80.0,2.22
sonneberg,50.248686625167565,11.205002708901896,27.032,86.0,76.0,1.62
luderitz,-31.838361050015916,1.7871150727003213,57.2,93.0,0.0,2.1
dera bugti,29.0956765003002,68.59177716177922,77.9,49.0,0.0,1.57
soligalich,59.37238022384368,42.57654413613249,9.841999999999999,80.0,80.0,7.77
kyabe,10.161316120111655,19.377642160667158,75.596,52.0,0.0,1.07
japura,-0.36034951507868607,-69.22854362649942,81.14,84.0,80.0,1.22
nanpiao,40.912178732573,120.1334107668405,32.216,45.0,0.0,1.92
boueni,-13.61409116765831,44.63583271571988,78.80000000000001,88.0,75.0,7.2
vanimo,1.2761276757534472,143.5053280732864,83.66,100.0,56.0,8.27
khani,56.53048399342109,121.21649168377101,51.8,93.0,90.0,9.3
dudinka,68.6178497222231,84.55742581713353,-6.268000000000001,73.0,44.0,2.87
kindu,-3.441570434250411,26.000573680748357,72.32,91.0,44.0,1.32
erdenet,48.707894617343726,105.56701620468787,18.932000000000002,44.0,0.0,1.47
bam,28.72150961408991,59.072840525892005,70.916,27.0,8.0,1.42
aguada de pasajeros,22.052670989752908,-80.96523042354164,60.8,82.0,0.0,2.1
abu dhabi,21.361893425309205,53.36206854232128,61.664,77.0,0.0,1.5
pagudpud,19.886336082167045,120.24015322833095,87.80000000000001,70.0,20.0,4.1
huarmey,-15.433435160338066,-88.94067361215014,63.176,87.0,12.0,1.32
tuatapere,-48.57336840210799,162.73900202529225,60.89,92.0,24.0,2.77
umm kaddadah,16.44761208072462,27.52252128233546,63.95,19.0,0.0,3.17
trelew,-43.10466161627002,-67.26977744505051,51.8,45.0,0.0,4.47
batamshinskiy,50.315121880347014,57.80334147309675,14.0,85.0,90.0,8.0
bela,26.663209431938597,65.36029032651915,81.95,23.0,0.0,1.32
octeville,49.396620733953085,-1.8466367883012804,40.208,100.0,75.0,4.6
iralaya,16.1150752680789,-80.95755954943112,76.37,86.0,56.0,4.22
verkhoyansk,69.72209743982593,133.03959411102355,-11.398000000000003,72.0,64.0,1.67
yushan,31.512062213137945,120.84074374035502,50.0,61.0,0.0,4.0
thaba-tseka,-29.914257622160953,28.20296116257921,47.21,100.0,68.0,1.27
najran,19.209443930751725,46.21684667990509,57.2,47.0,0.0,1.62
krasnovishersk,61.162752309247516,58.39635570813705,15.692,82.0,80.0,2.87
almeirim,-1.2898586474046358,-52.28921904404171,55.400000000000006,82.0,40.0,8.2
severomuysk,55.98543027018637,113.21486812394397,-10.048000000000002,59.0,24.0,1.22
davila,18.522392636245655,119.95031033191171,87.80000000000001,70.0,20.0,4.1
alofi,-20.43982901228854,-166.4402486275017,84.2,70.0,68.0,6.7
raudeberg,64.10300001262225,2.3317228145049222,28.4,63.0,64.0,3.1
simbahan,7.287922036863671,119.77395261811657,84.416,100.0,32.0,1.67
houma,27.271915479924303,-89.74164102478585,45.59,81.0,88.0,1.92
kalmunai,8.988897147021701,85.54024615390111,82.67,91.0,44.0,2.22
aguimes,24.87605933636189,-14.26190752243147,64.4,68.0,20.0,1.5
bonthe,3.29572822104831,-17.992232207945023,74.876,99.0,12.0,1.27
kuusamo,66.759871913697,28.920469517543097,6.800000000000001,92.0,90.0,1.5
torbay,46.77992227189745,-46.0012732095734,30.2,100.0,75.0,10.3
tromso,70.67521460555183,18.360202259348803,10.399999999999999,85.0,0.0,1.5
bambous virieux,-30.246280735437082,69.34798881418688,80.6,83.0,75.0,4.6
daule,-1.83416442877277,-79.97336130836663,77.0,83.0,75.0,0.5
bubaque,3.7688726092108005,-21.70910573735008,71.6,94.0,0.0,1.5
harrismith,-28.402164242322215,29.233404242535947,63.769999999999996,87.0,0.0,1.62
barquisimeto,10.693591779640007,-69.5237748296294,67.37,99.0,92.0,1.57
horadiz,39.226102615702594,47.656551904875705,58.946,77.0,0.0,3.32
la ronge,54.7099747657103,-105.33120351790515,15.8,66.0,90.0,5.1
yeniseysk,59.192364077913616,92.76702676562981,8.942,72.0,0.0,2.07
mweka,-4.514684894490918,21.630630576832903,68.126,98.0,88.0,1.42
gorontalo,2.6347874303460452,122.9930602556017,78.926,93.0,64.0,0.77
emerald,-23.813174330396883,147.0428203130083,87.02600000000001,58.0,92.0,2.77
along,31.73879943711007,95.67139469377535,67.04599999999999,64.0,32.0,0.87
okhotsk,60.945387264546326,145.0670662685448,20.012,87.0,56.0,2.77
roebourne,-21.39528636186087,117.87256735466282,103.37,28.0,0.0,3.22
karoi,-16.440694947957695,29.95444507231765,67.766,98.0,88.0,1.92
thabazimbi,-24.29992811701812,27.72116086462253,66.866,77.0,8.0,0.77
marsh harbour,28.635596347226357,-75.89969534535557,69.29599999999999,100.0,44.0,9.17
hovd,44.129002803858434,102.7714954628027,14.09,78.0,0.0,4.1
souillac,-36.627581322668476,65.35236160927921,42.602000000000004,87.0,0.0,4.1
new york,40.69379337599132,-73.88024744554237,32.972,50.0,1.0,4.6
oussouye,11.486993386056016,-20.56217860632572,69.80000000000001,83.0,0.0,3.1
luganville,-16.46345974157145,164.2794954489944,84.416,100.0,76.0,2.47
bayir,30.92947940732143,37.086422739315,50.0,87.0,75.0,2.1
dunedin,-48.27190367930366,172.40346548730773,61.16,93.0,80.0,1.82
lasa,30.876443517540803,89.57790591407257,54.608000000000004,71.0,0.0,2.6
abong mbang,3.424923482664668,13.287591229328918,69.53,90.0,44.0,1.77
antalaha,-13.68295176072417,56.364395228285794,84.65,78.0,88.0,5.32
kijang,0.6830122400579626,104.05799679831514,42.8,75.0,90.0,11.3
catemaco,19.120853596207155,-94.77665507731481,69.98,100.0,0.0,1.72
naryan-mar,67.56000754140533,52.38916505898974,4.9460000000000015,86.0,56.0,4.62
vila,-17.14973813245496,169.99966284177037,35.618,100.0,90.0,2.6
varhaug,57.360885224248975,3.367041692865081,30.2,50.0,0.0,5.1
harper,0.05228156241401716,-7.105226609516336,67.37,77.0,75.0,3.6
udachnyy,68.27149661212005,113.48317904694369,-12.064,56.0,56.0,1.87
petropavlovsk-kamchatskiy,51.83119656205863,160.28729288681865,24.8,85.0,90.0,8.0
mishan,45.39478240719765,131.92468704150397,17.942,67.0,12.0,5.62
sobolevo,53.97106851164006,155.14056502711762,11.515999999999998,87.0,44.0,5.37
dzerzhinsk,54.126217583108655,26.719860782999252,15.8,92.0,90.0,2.0
hammerfest,74.16030738364296,22.490752923434115,14.0,85.0,88.0,3.77
pechenga,69.71624028553651,31.75825670347574,9.661999999999999,81.0,80.0,8.07
verkhovazhye,60.447306206688964,42.31607364536192,8.132000000000001,80.0,68.0,7.42
nabire,-3.064161824459607,134.11525300200734,80.6,77.0,32.0,1.22
salaga,8.861913865492154,-0.5280633204974411,76.73,83.0,0.0,4.32
santa maria,18.608089322248823,-23.05318825247361,64.03999999999999,88.0,24.0,0.72
mangan,29.69603985701196,88.37915712038019,33.53,77.0,80.0,0.87
auki,-4.1345868745385115,163.8960422662037,58.91,50.0,0.0,1.67
takoradi,1.9629891258579928,-0.6435657008528729,78.476,100.0,8.0,3.17
obihiro,42.8908324026714,143.6655902293586,29.318,86.0,75.0,1.0
ferrol,46.01766596603599,-9.409806028870152,42.8,100.0,20.0,2.6
kirakira,-12.706684137843526,162.75000817215098,84.02,100.0,56.0,2.22
guerrero negro,25.1932608018772,-115.09458485575668,55.076,96.0,24.0,5.12
lensk,61.723096172346686,115.20329946502397,-2.2180000000000035,58.0,56.0,4.47
taoudenni,20.97864757033031,-3.279689297754542,56.75,31.0,0.0,4.32
nome,66.04285522525934,-165.57907713415517,69.332,77.0,90.0,3.1
half moon bay,31.70249893589639,-135.12437123904337,48.74,76.0,1.0,5.1
batemans bay,-35.82887495668115,149.848375336603,64.346,95.0,80.0,2.67
praia da vitoria,43.77624199684597,-24.44389953211697,53.6,81.0,20.0,4.92
samagaltay,50.553019046862715,94.59474379589503,11.462,78.0,36.0,1.77
pangnirtung,63.909816397257146,-63.47659801701008,3.181999999999995,85.0,48.0,2.67
concepcion del oro,24.33574311880695,-101.2380116857185,45.95,88.0,0.0,1.22
gisborne,-41.42526854832947,179.71368214304158,69.116,96.0,68.0,3.92
brigantine,38.05772431369614,-72.70187594877673,33.08,47.0,1.0,8.2
hami,42.4482093272292,94.75489717988981,51.926,52.0,0.0,2.02
alice springs,-22.915064283438884,134.1753245534939,91.4,18.0,0.0,8.2
rabo de peixe,42.29406091178552,-23.34716547542139,57.2,62.0,20.0,5.1
moctezuma,30.054656026267597,-108.96095941591011,42.476,60.0,8.0,0.87
toora-khem,53.851351198642675,96.01359967935241,15.602,46.0,20.0,1.32
atar,22.033124559509414,-9.122664827880234,56.21,69.0,0.0,2.17
emba,48.14224841811933,60.721119853535725,54.734,71.0,0.0,2.1
micoud,13.774227311862894,-60.52267501465272,77.0,94.0,40.0,1.87
mahajanga,-15.278927029240757,44.291795419126046,78.80000000000001,88.0,40.0,3.1
kieta,-5.359850023384505,157.05997073824753,81.176,99.0,64.0,1.42
tocopilla,-22.506282033175435,-70.54858312727188,57.326,100.0,32.0,0.62
egvekinot,61.19239565958707,-178.78504700550542,4.712,82.0,68.0,1.17
nicoya,7.126047620271081,-87.42955473009475,80.6,57.0,0.0,11.8
chuy,-45.09751439606555,-40.56310855224704,67.64,97.0,8.0,2.07
tabuk,29.088305270626602,36.34071326603927,84.2,53.0,0.0,0.77
kenai,63.73949483281002,-154.25576851366088,21.2,85.0,1.0,2.1
mamallapuram,11.737276612358427,84.53703568147309,82.4,65.0,0.0,2.1
saint george,34.48303902122569,-64.87688680613047,55.400000000000006,87.0,40.0,6.7
zilupe,56.07435675233879,28.19213821417109,-0.1839999999999975,54.0,44.0,1.32
springfield,27.59555246867726,-85.630646907983,50.0,81.0,90.0,10.3
laguna,-31.903833803706952,-41.254687269543034,55.166,62.0,8.0,1.37
constitucion,20.60596861859915,-117.38279259478355,62.6,25.0,5.0,1.5
ambulu,-10.773157086285972,112.8665155201395,82.67,100.0,44.0,2.77
biak,1.4230593736792712,136.76854778519677,78.74600000000001,100.0,76.0,1.82
guerande,47.229284545891296,-2.638364927360153,43.16,93.0,0.0,2.6
puri,18.18124722856147,87.21057137661072,81.59,85.0,64.0,1.42
vardo,70.63814000547933,31.120759505656608,35.006,31.0,1.0,5.7
lawton,34.50284736242282,-98.43479568812195,62.20400000000001,100.0,75.0,5.1
pasni,22.758136471926978,63.317650760797356,78.476,72.0,0.0,2.67
mandan,46.25995528348377,-101.7565700556722,35.6,93.0,90.0,2.6
urubicha,-15.286628486104293,-63.15310741041956,75.65,87.0,0.0,0.97
paungde,18.41441783573667,95.38940740001699,92.51599999999999,51.0,0.0,1.62
karaton,45.522906469169186,53.90580559478952,82.4,83.0,40.0,1.5
coruche,39.06988981163138,-8.520296645238902,55.400000000000006,87.0,75.0,7.2
isangel,-18.84332702454916,172.8330628228782,81.86,100.0,36.0,8.72
barra,-10.757370807535734,-43.42491539738731,69.29599999999999,92.0,0.0,1.92
ochamchira,42.2127533415671,40.99118121054729,49.370000000000005,100.0,92.0,3.77
bom jesus,-9.368194544717525,-44.603975782860644,78.80000000000001,88.0,20.0,2.6
cabudare,10.031373761965122,-69.01627009626888,68.396,97.0,88.0,1.17
pravia,43.86659500953002,-6.345185571173657,46.4,65.0,68.0,1.5
coxim,-17.928610772022154,-55.16655377754799,71.99600000000001,92.0,24.0,1.32
simpang,-1.2823610167131072,104.64748047024746,87.89,70.0,75.0,1.97
coquimbo,-29.21719698576008,-87.6455625865433,59.0,87.0,0.0,1.5
korem,12.151422876268393,39.49674423751221,61.916000000000004,86.0,8.0,0.92
mapiri,-14.590736117730579,-68.89788878068535,48.326,93.0,56.0,0.57
mikhaylovka,44.22109282740737,71.19945614160174,13.352,51.0,0.0,3.07
uarini,-3.552796977666426,-65.67513786276295,74.30000000000001,100.0,24.0,0.72
kharp,69.17659612400293,66.1396961611931,2.821999999999999,84.0,76.0,3.37
pisco,-13.711815987417546,-77.24495945264232,69.80000000000001,83.0,0.0,3.6
visby,58.275061602467105,18.835774107993256,23.0,79.0,68.0,2.1
conneaut,42.26063784523929,-80.4512437796946,25.951999999999998,74.0,1.0,2.6
urusha,54.05761639198526,123.20532068955342,4.532,33.0,8.0,3.97
darab,28.584899591080514,54.920736593648456,57.379999999999995,37.0,44.0,0.67
gotsu,35.08165278316397,132.19057032253673,46.4,100.0,75.0,5.7
desa,43.81875543739583,23.025968770641086,26.402,95.0,92.0,2.77
funchal,31.984260360158316,-16.900083301992264,68.18,98.0,64.0,1.67
harindanga,22.101800088597255,88.34163036867201,78.80000000000001,83.0,20.0,3.1
sioux city,42.60337801399127,-96.32224538068787,46.382000000000005,66.0,1.0,8.7
zyryanka,67.13708121060813,149.6692872136567,-8.788000000000004,66.0,80.0,2.02
raton,36.716142458136915,-103.54708923039922,47.354,26.0,1.0,10.3
cayenne,6.672501742192647,-49.16812792611405,77.0,94.0,64.0,1.52
kisesa,-3.5459951515094024,34.697524172240016,66.2,88.0,75.0,2.6
riyadh,22.206606196170682,45.651315561382056,63.446,42.0,40.0,2.6
burgeo,47.085170578993846,-58.267059575436804,34.826,91.0,0.0,12.92
ekhabi,54.4699593113714,146.3057987084619,2.966000000000001,85.0,48.0,6.82
umba,67.05234972230505,34.86369575892112,5.071999999999999,77.0,0.0,3.52
sarangarh,21.558634964051056,83.12957612730631,92.57,35.0,0.0,5.42
chumikan,55.291369597399985,136.6719008372197,8.311999999999998,44.0,56.0,4.32
machala,-3.2186969638676493,-80.02795491377908,77.0,83.0,90.0,1.5
jaisalmer,26.19517796990772,70.48529076857457,81.41,48.0,0.0,2.07
araouane,20.660745262864232,-3.052372343115684,64.13,43.0,0.0,3.12
sergeyevka,54.11515365281554,67.60680477398859,11.462,95.0,56.0,3.62
kununurra,-18.20349185033759,131.5606954673903,95.0,47.0,48.0,1.5
sampang,-7.4000033965913925,113.26743118258486,84.83000000000001,92.0,20.0,2.57
kahului,29.53606281606948,-149.48600297390018,72.69800000000001,69.0,40.0,6.2
jamundi,3.3321819787970433,-76.90597623525284,69.80000000000001,88.0,40.0,2.1
byron bay,-28.265379336943134,157.84792879576364,80.6,74.0,40.0,4.6
rafraf,37.92939040212101,10.354596678376414,57.2,82.0,40.0,7.2
muros,41.62273021827623,-13.84681160693442,42.8,100.0,75.0,1.0
ust-tsilma,67.83127535322899,48.87221303072818,1.921999999999997,68.0,56.0,1.62
camacha,35.42040906138923,-17.572048429441026,64.4,88.0,40.0,12.3
novomykolayivka,47.86695803828205,35.9637234742967,19.526,80.0,68.0,5.27
kandrian,-5.383582442219095,148.95249836423022,82.976,83.0,48.0,2.02
male,4.117260283532999,74.35089089584248,17.402,82.0,68.0,7.17
morondava,-20.887852179758625,41.853825196550005,84.65,85.0,0.0,2.07
juneau,59.52181848518481,-132.63961222148944,25.573999999999998,73.0,20.0,2.1
ixtapa,3.550755907934508,-108.03950439073331,71.6,83.0,5.0,0.77
dwarka,22.28855192117546,67.3992783612273,68.0,72.0,0.0,2.6
cabra,14.02507982348574,117.72647216871889,48.146,93.0,92.0,1.5
veraval,18.80884132515376,68.5274754349929,38.606,100.0,0.0,1.5
moa,21.56330213731146,-74.67134802893933,63.176,87.0,88.0,1.77
moose factory,50.953007756670466,-81.74487170400342,6.800000000000001,92.0,90.0,2.1
wairoa,-39.23699961766798,177.311251684255,66.416,100.0,92.0,1.62
kungurtug,50.12799170442228,98.04226555657519,20.101999999999997,52.0,20.0,1.32
esna,23.958411967050736,29.61159985956911,13.532,82.0,32.0,1.32
okha,55.3850780309249,146.40692990082258,2.966000000000001,85.0,48.0,6.82
kearney,40.22753871428035,-99.34843414424807,53.078,87.0,75.0,8.7
pimentel,-7.6209145431634235,-81.91314392734853,74.84,97.0,68.0,0.87
hualmay,-20.744153995012887,-93.19100060549991,66.47,83.0,48.0,1.67
balkhash,46.182128915631274,76.05275265347524,30.722,100.0,44.0,1.77
pine bluff,34.31753249010592,-92.24491735872301,51.8,87.0,90.0,5.1
barra do corda,-5.4114805641062365,-45.61944048188509,72.626,98.0,92.0,1.92
rohru,31.142661546019784,77.75884493342974,40.64,71.0,12.0,0.82
willowmore,-33.75578025575389,24.046351702915725,53.51,87.0,8.0,1.07
codrington,26.468865893810506,-54.20740092295846,70.52,100.0,92.0,1.47
kidodi,-7.646721336530236,36.931657013332995,75.28999999999999,79.0,88.0,1.62
vestmannaeyjar,59.95144717670605,-18.41935667951032,30.776,100.0,44.0,9.97
suleja,9.574472700584526,7.484903891296845,61.826,62.0,0.0,1.32
atambua,-9.237910325080279,126.43011469417199,81.71600000000001,100.0,32.0,3.17
sabzevar,36.2441131222051,57.686363845793224,56.57,68.0,0.0,1.77
tadine,-22.708533204441906,171.04491313439073,80.33000000000001,97.0,0.0,6.82
dingzhou,38.69000441775859,114.77841298225015,41.0,27.0,0.0,3.0
verkhniy avzyan,53.43880700725452,57.2297200684357,22.082,86.0,88.0,4.07
kurilsk,46.29967344827852,146.95223821451305,27.752,92.0,88.0,3.87
gayeri,12.213527005477856,0.2707495762501184,74.21000000000001,30.0,0.0,4.77
zhangye,39.35171862255584,99.5224207424909,45.230000000000004,82.0,32.0,2.02
fugen,47.48870780373297,11.913355869331903,37.4,69.0,75.0,3.1
westport,53.57701464291708,-11.20243270921082,33.71,100.0,12.0,1.67
hanstholm,57.061464036018414,8.495900192778596,31.082,100.0,92.0,10.12
ostrovnoy,73.42958631727934,39.31633158934507,3.8119999999999976,80.0,24.0,4.72
loreto,26.178519377619185,-110.82385491431425,74.876,96.0,92.0,3.77
paveh,35.30975571041868,46.374178232753806,46.4,70.0,40.0,2.1
mecca,22.08345585419834,42.2749101537113,75.2,69.0,0.0,1.87
sungaipenuh,-4.772696295311762,97.44243521503488,72.95,90.0,88.0,0.12
nattam,10.287157380709592,78.20559391231727,82.4,65.0,0.0,2.1
fare,-11.453702849323788,-147.95496516760102,82.4,97.0,24.0,6.42
visnes,58.54507210304728,4.45025952997825,30.2,46.0,68.0,5.1
kawalu,-14.325349340328497,107.30259957092785,74.426,90.0,92.0,1.07
namie,37.0871023627226,143.4158052908436,43.664,100.0,75.0,2.1
broken hill,-33.16856701041282,141.40510979738102,80.50999999999999,25.0,0.0,7.92
san ramon,-12.61875780808553,-63.733326791256246,65.48,84.0,76.0,1.07
yarada,15.69874368072135,85.57458172277865,80.15,100.0,0.0,6.47
quang ngai,15.321189846491093,110.56261489031132,92.03,45.0,0.0,1.42
sitka,54.65079967552483,-135.99061454630282,58.82,29.0,0.0,6.77
vyazemskiy,47.23093951930697,135.31334496202834,16.375999999999998,56.0,32.0,2.97
sur,15.80859205058657,62.27006409412491,74.876,90.0,0.0,0.57
areka,7.06321840082034,37.29553863565143,60.89,91.0,36.0,1.32
sechura,-7.638773665462405,-84.05560897858368,71.33000000000001,87.0,0.0,3.12
olinda,-10.536828421370691,-25.130743618978357,77.0,83.0,75.0,0.5
gutierrez zamora,20.25686979172172,-97.15658409551617,71.99600000000001,92.0,20.0,2.87
orlik,51.09806604860995,99.43871147131597,7.1419999999999995,55.0,8.0,1.17
port hardy,48.40557455709704,-132.62507621958332,37.4,93.0,75.0,2.1
san jeronimo,17.11958782043617,-100.52252983700602,42.476,100.0,80.0,0.92
acapulco,7.898226857944916,-103.25505481481206,78.80000000000001,88.0,5.0,2.6
vanavara,63.323923317023336,103.57772777921885,2.966000000000001,55.0,24.0,2.27
anloga,3.523718815768837,1.8976443739370472,75.2,88.0,20.0,2.6
fortuna,36.405909957701915,-139.4253080653529,50.0,93.0,75.0,2.1
castanos,26.647691629493895,-101.29880168121775,60.29600000000001,87.0,0.0,0.97
kiama,-36.71801967090256,155.45966921614462,66.2,100.0,90.0,5.1
nema,57.73120829531257,50.522581249448756,16.321999999999996,85.0,76.0,3.02
bodaybo,57.35422029225389,114.23577129487616,-2.038000000000004,44.0,44.0,2.52
gazli,42.2356218547838,63.96026376780058,58.1,87.0,0.0,6.47
pando,-34.98855581914841,-55.6244387766922,69.80000000000001,77.0,0.0,2.1
dicabisagan,16.7029667113855,125.25734480036147,83.696,86.0,0.0,2.12
amalapuram,14.190295553047099,83.75529417733719,87.62,63.0,0.0,3.12
cudahy,43.050760256939824,-87.34573914948182,54.122,66.0,1.0,1.5
barcelos,-2.02919846531257,-62.41046203586772,51.638000000000005,76.0,75.0,7.7
dawlatabad,35.91663463288066,64.0318155277921,66.83000000000001,48.0,12.0,2.47
nyrob,61.46664446487218,56.99487275794214,15.692,82.0,80.0,2.87
menongue,-14.094045606148887,16.7454560874764,60.71,97.0,80.0,2.47
colquechaca,-18.674850207197903,-66.30900864002356,46.076,95.0,92.0,0.92
geraldton,-28.17047031318986,116.99369562951918,12.2,61.0,5.0,3.6
pachino,35.862138986952424,16.040116571648138,58.370000000000005,99.0,68.0,13.62
mountain home,36.45610624227248,-92.33744114470089,31.514,100.0,20.0,1.5
terney,45.29324945648679,137.03770284819714,20.875999999999998,97.0,8.0,5.22
camasca,13.925562330791843,-88.48135003305111,66.596,71.0,0.0,0.82
namtsy,63.139704358425355,130.30198305022867,-9.004000000000005,66.0,48.0,2.22
sao miguel do araguaia,-11.720458716800966,-51.593200299897745,73.67,88.0,0.0,1.52
henties bay,-24.65166232431944,3.860581237624122,63.59,96.0,36.0,1.87
agadez,17.511129029019,8.721066032511652,73.4,35.0,0.0,4.6
valley city,46.24437104394609,-98.08195199651921,33.8,91.0,90.0,10.3
moron,50.87706416958806,100.9104624567521,66.77600000000001,96.0,88.0,1.17
ballina,57.00054423363999,-11.371105085299892,31.316,100.0,12.0,1.52
staraya mayna,54.86580655610482,48.67870579936201,24.8,92.0,75.0,2.0
makakilo city,16.701118987970474,-160.19463620164746,75.18199999999999,69.0,1.0,3.1
champoton,19.446613589124645,-90.68572915794053,78.80000000000001,65.0,40.0,5.1
avera,-29.270160195265277,-154.54332320904814,41.756,48.0,1.0,1.57
kloulklubed,4.124562714598492,134.89509475707007,85.964,66.0,90.0,5.1
thinadhoo,0.009863475263806376,68.68751829912475,83.24600000000001,100.0,88.0,4.02
hamilton,30.025980090430554,-69.82557303613343,60.8,77.0,75.0,11.8
dongsheng,40.636902824236195,109.10390759102211,51.29600000000001,78.0,92.0,8.27
kachug,54.7393134396658,106.05309663573686,3.8659999999999997,58.0,0.0,1.67
sibu,4.025188145743081,110.94539269396657,86.0,70.0,75.0,1.5
popondetta,-7.96822991255767,148.48146594551835,74.12,93.0,80.0,0.42
nakhon thai,17.58338510227471,100.95308550256715,89.6,43.0,0.0,1.0
port macquarie,-33.91794656155276,158.65996971302974,82.4,58.0,40.0,4.6
adrar,29.03131001748381,-3.3459444437202874,59.0,22.0,0.0,3.6
college,69.7441413331381,-147.63305232604353,13.424,92.0,20.0,2.67
williston,48.79193217407796,-103.84231094207905,30.614,97.0,90.0,2.6
coahuayana,2.2824288324055315,-111.67265529478556,59.269999999999996,75.0,0.0,0.87
kasama,-10.9568178126152,30.7558134692664,62.546,95.0,92.0,2.32
jalu,27.578952819207863,23.548962656722097,68.846,27.0,0.0,6.77
sorland,73.03824555338096,4.70052630015149,24.8,53.0,75.0,3.6
vila do maio,13.085936334456052,-20.927001844824805,69.80000000000001,77.0,75.0,9.3
akdagmadeni,39.18688871652513,36.07511313135034,38.966,96.0,48.0,2.77
gizo,-9.65075691372914,156.26948268467874,59.072,71.0,0.0,1.5
labuhan,-8.807912830650658,104.03446622792029,75.65,94.0,80.0,1.22
andros town,24.454057387610536,-78.19242745836033,69.80000000000001,52.0,75.0,5.1
lucea,17.649839703374585,-79.82091488542703,77.0,57.0,75.0,7.7
planeta rica,8.306524279391159,-75.62710054216478,74.48,80.0,56.0,3.87
saint anthony,55.892958897830034,-53.66631493120699,23.036,85.0,90.0,3.6
wewak,-2.374523893194919,145.05687788727266,85.316,78.0,44.0,1.97
bossangoa,6.534171672707169,17.012304289124625,68.81,60.0,8.0,1.17
ducheng,22.976029289403435,111.27713008820685,51.71,99.0,24.0,7.97
yar-sale,73.45814833303228,72.86481786456754,8.041999999999998,90.0,56.0,4.77
jacareacanga,-6.516499116569141,-59.121947569256044,76.316,93.0,36.0,0.77
lorengau,6.7223671425500315,148.83438356784472,83.48,100.0,36.0,5.17
kamaishi,36.60114310776895,148.07854845305465,35.6,93.0,75.0,7.7
canar,-2.5155187727971544,-78.9170494517302,51.8,93.0,12.0,1.0
maloy,62.965316163307975,2.841714800586209,80.54599999999999,88.0,76.0,1.27
cervo,43.85132325172618,-7.58367032034423,64.75999999999999,97.0,56.0,1.52
pilot butte,50.55949700525031,-104.12283333158828,15.8,92.0,90.0,6.7
mayo,66.15231590281735,-136.94779536403578,3.1999999999999993,84.0,40.0,1.0
mtambile,-5.476080122548958,39.647893067434204,82.49000000000001,99.0,24.0,6.57
tarrafal,15.698529367372648,-23.72692096621657,69.80000000000001,77.0,75.0,9.3
lata,-6.447890479854927,167.36469432747032,46.76,100.0,32.0,0.97
maceio,-17.210428953433635,-25.585806169154313,73.4,94.0,0.0,1.5
semirom,30.936707153965912,51.382211404192844,42.71,42.0,12.0,1.27
magelang,-7.4626020554086,110.3358651677379,80.33000000000001,94.0,36.0,1.67
rayong,12.747723192128094,101.42619355411,86.0,66.0,20.0,4.1
chapais,53.672978656054084,-73.29248583609265,15.8,92.0,90.0,4.1
candido mendes,-1.5887396726267555,-45.82837556594576,81.266,98.0,76.0,5.12
masty,53.39485295957409,24.326307002353342,5.0,100.0,0.0,1.0
ashqelon,32.21115811518895,33.350858657568914,59.036,71.0,0.0,1.5
alyangula,-16.18722185672312,138.8295631826131,87.29599999999999,98.0,32.0,1.72
saraza,8.407870215046923,117.86100775040555,87.25999999999999,72.0,8.0,2.42
pandan,17.69728022054297,128.0295989141252,82.076,96.0,0.0,7.92
pitimbu,-7.027078418909585,-27.084599707547977,78.80000000000001,83.0,40.0,3.97
skjervoy,70.59355405386356,20.263057818150987,20.875999999999998,100.0,0.0,3.02
tongliao,43.76795355731999,121.89237319263212,23.846,68.0,0.0,1.52
zlocieniec,53.21572921086656,16.007808277909977,15.602,84.0,24.0,5.57
kudymkar,59.16274025146999,54.83611308684362,14.521999999999998,86.0,80.0,2.97
puerto leguizamo,-1.2646428654021653,-73.52784486696459,76.676,87.0,12.0,1.27
kashin,57.24540473894158,37.572732292509414,10.616,78.0,76.0,8.57
aykhal,66.68844435443013,108.8171301542068,-9.634,65.0,64.0,3.57
deputatskiy,71.15896478884441,139.57972953980146,-7.024000000000001,57.0,56.0,3.82
dondo,-18.88395523302761,35.128182947901955,78.80000000000001,94.0,75.0,4.17
ibra,21.092972130051525,58.39925633241224,74.75,50.0,0.0,1.27
fomboni,-12.05839795715461,43.61094175482079,81.176,100.0,56.0,8.42
sao cristovao,-11.301406631784396,-37.122065525229885,80.6,78.0,20.0,3.6
cabedelo,-4.501813063302132,-25.661096016307443,78.80000000000001,83.0,40.0,3.97
aswan,22.94171394516835,34.025979553412625,66.2,42.0,0.0,2.1
mehamn,72.27633710785395,28.337605188104256,24.8,92.0,90.0,2.6
nador,34.00379115651317,-1.8483562055088525,59.0,82.0,0.0,2.6
banjar,-13.735347059695137,105.45716396492016,81.896,81.0,64.0,1.67
chimbote,-11.308052797305727,-83.00721069990828,65.03,94.0,56.0,2.52
xai-xai,-26.657125114665387,34.61876416412876,80.6,93.0,48.0,2.92
bintulu,4.200252011940005,112.4572319255444,89.6,75.0,75.0,2.6
aklavik,72.54652724293445,-140.22474878583444,14.0,78.0,75.0,4.1
penzance,50.7039545062212,-5.580286674328617,42.8,93.0,90.0,2.6
manica,-18.836669925954936,33.228390990098056,71.6,100.0,75.0,3.1
lompoc,24.9911563224439,-132.60474079811075,49.730000000000004,57.0,1.0,4.77
ahtopol,42.470761180387306,28.726121070463712,35.6,100.0,90.0,3.1
mount isa,-25.34764722734918,141.83934309594778,86.0,58.0,90.0,8.7
palu,1.2868205653802107,119.574240660926,70.7,95.0,92.0,0.72
vangaindrano,-24.20644440596585,48.720970994426004,73.22,100.0,92.0,4.57
buala,-3.634513338418946,160.90034274276843,82.85,91.0,68.0,2.52
tomislavgrad,43.65734446485187,17.3267920788485,44.6,87.0,80.0,0.5
tura,65.66067375515826,98.82995038528274,80.42,62.0,12.0,1.17
oranjemund,-31.303474718747545,13.860920939318298,62.275999999999996,99.0,92.0,5.02
beringovskiy,52.61341876585237,176.81361632234945,24.872,82.0,0.0,3.87
awbari,25.542266906121075,12.599619823481667,56.516,36.0,0.0,4.02
kita,12.20624922838086,-9.669456142685789,62.20400000000001,93.0,75.0,10.3
vilyuysk,63.52235271652117,121.47662507491957,-6.088000000000001,57.0,64.0,2.12
saryg-sep,51.778283436789906,95.79877198401202,14.072,70.0,24.0,1.12
sibut,5.7624095871190395,19.54177292545108,73.31,79.0,8.0,1.67
portland,-48.281341080149126,136.03524707527563,45.356,70.0,75.0,2.6
qasigiannguit,66.36254099258613,-46.92616084854139,8.599999999999998,78.0,68.0,3.1
coihaique,-48.150812015185984,-70.11601771333565,51.602000000000004,58.0,75.0,3.6
tiznit,27.665005692520246,-8.324958200644978,57.650000000000006,98.0,92.0,2.97
mindelo,16.156052466510765,-26.642474428282856,51.656,76.0,75.0,7.7
nioro,17.91538274461482,-9.488368807057093,77.36,47.0,36.0,1.62
kareli,22.77689591914668,78.99525524094393,81.896,47.0,48.0,4.22
javanrud,34.379550129509504,46.26094097069134,46.4,70.0,40.0,2.1
hambantota,-1.4148794919294492,83.99210607458289,84.28999999999999,93.0,0.0,3.32
ahuimanu,32.275936933809874,-153.7985286552326,75.218,78.0,90.0,5.1
zhigansk,69.20928750590491,125.71786501644864,-11.884,58.0,68.0,2.12
almenara,-16.101064728670828,-40.46447703863461,72.77,83.0,36.0,1.42
maldonado,-37.84236639581094,-53.1445135903485,71.6,94.0,0.0,2.1
mercedes,-29.88252965383868,-58.31159335577533,69.74600000000001,71.0,12.0,2.12
nantucket,39.692411981069405,-67.61104863244856,36.698,86.0,90.0,10.8
manzhouli,49.32212735584696,117.35623172352756,7.052,36.0,0.0,8.07
kaeo,-27.2495537203326,174.15387733939875,71.726,86.0,100.0,1.07
luancheng,38.312614315952544,113.91181452454408,41.0,27.0,0.0,3.0
grants,35.79666855810805,-107.96545579685545,30.2,63.0,1.0,5.1
singleton,-32.07038312880872,151.44339801043978,77.0,78.0,75.0,6.2
sampit,-4.549763756681563,112.86871550297715,77.0,97.0,92.0,3.52
ada,34.97506130557237,-96.1860846692743,34.718,69.0,90.0,8.2
beni,0.8036088780481039,29.481069005264118,67.04599999999999,95.0,48.0,1.77
lerwick,58.26255038812102,1.6848760535908474,34.7,86.0,92.0,8.7
mayor pablo lagerenza,-19.792067490411554,-61.08328252458437,74.84,89.0,32.0,1.77
harrisburg,37.454637883984944,-88.53132862599395,31.37,37.0,1.0,5.7
miraflores,0.018090685248407956,-72.46924186638975,52.016,98.0,76.0,0.57
santa cruz de tenerife,29.00940291575085,-16.17817714102947,55.922,87.0,0.0,3.6
bogorodskoye,51.70684553029487,139.53135080616337,9.751999999999999,41.0,48.0,3.02
general pico,-36.2007115458986,-63.8817563580672,64.076,94.0,12.0,0.22
casambalangan,18.136552551440655,123.17871560195188,81.68,100.0,0.0,4.37
nemuro,39.56155988587702,146.6923978484757,30.2,63.0,75.0,2.6
luba,3.671758025682486,7.947765457674654,85.49600000000001,68.0,0.0,2.52
tamale,9.28919037509345,-0.6712714560921503,75.866,54.0,88.0,2.77
olkhovka,49.80802591837082,44.24078385134003,15.692,87.0,92.0,5.62
glace bay,46.03819541224156,-59.15464972087842,30.2,92.0,20.0,7.2
paracuru,-2.0939502032828923,-38.27972136205658,80.6,83.0,20.0,3.1
bowen,-17.093838357274855,149.34288893238164,82.4,78.0,75.0,5.7
samfya,-11.058021304903692,29.29003926486329,66.92,100.0,68.0,1.07
daru,-13.454247333981986,141.77025170391764,66.74000000000001,97.0,20.0,1.32
yatou,35.39430922262859,122.986974647799,75.2,94.0,40.0,4.42
kjollefjord,70.97783824405714,27.53848799041138,24.8,92.0,90.0,4.6
paita,-8.99636685373096,-88.00894315964842,70.646,84.0,8.0,1.17
kyshtovka,57.48154349391319,76.42546624924712,7.915999999999997,90.0,44.0,2.07
alexandria,32.50941814266935,28.736880763897975,60.224000000000004,72.0,40.0,3.1
aljezur,35.92868011706534,-12.725280892051776,58.1,99.0,92.0,14.27
road town,20.32095438180911,-63.99097500130635,73.4,78.0,75.0,6.2
casablanca,33.00294572971111,-6.986597823758674,57.2,100.0,75.0,9.8
champerico,11.340383075333651,-92.78312419843301,77.0,61.0,5.0,4.6
havre-saint-pierre,52.871563476026644,-64.66248169340984,32.0,86.0,90.0,1.5
san luis de palenque,5.347348993366161,-71.72191323439567,79.196,63.0,20.0,2.77
besuki,-7.663873818514057,113.7331371977507,80.42,100.0,68.0,1.82
osmanabad,18.46327015301741,76.07206915821695,86.126,31.0,56.0,2.37
dutse,11.970753554996103,9.589404437291023,60.26,53.0,0.0,1.62
zhuhai,20.983243922776644,113.32267818238942,41.0,11.0,0.0,4.0
ust-tarka,55.995908209035655,75.79290195226203,7.501999999999999,92.0,48.0,2.07
collie,-33.63046681776396,117.07329932936841,90.59,27.0,0.0,5.57
ban pong,13.876108095278841,99.88430435801541,93.866,59.0,0.0,1.52
teeli,50.51771106713755,89.79126944488584,10.921999999999997,74.0,64.0,1.42
bonnyville,56.39615678927212,-111.45735410107008,21.2,92.0,90.0,1.32
brewster,42.05096938118773,-69.31884767099265,36.968,93.0,90.0,3.6
kawhia,-38.36145138810629,174.56610367189583,71.87,84.0,0.0,7.92
honningsvag,77.13434597474007,26.532440653151767,24.8,92.0,90.0,2.6
imbituba,-30.38390962454418,-41.925890117839636,71.6,94.0,40.0,2.6
